<?xml version="1.0" encoding="UTF-8" standalone="no"?>
<weapon>
    <coreAttributes>
        <authorTag><![CDATA[This keyblade has been brought to this world by a light.]]></authorTag>
        <value>100000</value>
        <melee>true</melee>
        <twoHanded>false</twoHanded>
        <determiner><![CDATA[the]]></determiner>
        <name><![CDATA[Kingdom Key D]]></name>
        <namePlural pluralByDefault="false"><![CDATA[Kingdom Keys]]></namePlural>
        <description><![CDATA[One of the keyblade used to seal the door in a world between light and darkness. Being a keyblade from the realm light you can feel the pureity of in the chain dispite being found in the realm of darkness, also the royal rodent in realm of light that use this weapon.]]></description>
        <attackDescriptor>Strike</attackDescriptor>
        <attackTooltipDescription> Swing your keyblade at [npc2.name].</attackTooltipDescription>
        <rarity>QUEST</rarity>
        <weaponSet>light_Keyblade</weaponSet>
        <equipText><![CDATA[[npc.Name] [npc.verb(call forth)] the kingdom key.]]></equipText>
        <unequipText><![CDATA[[npc.Name] [npc.verb(call back)] the kingdom key.]]></unequipText>
        <imageName>Kingdom_Key_D.svg</imageName>
        <imageEquippedName/>
        <damage>30</damage>
        <arcaneCost>0</arcaneCost>
        <damageVariance>MEDIUM</damageVariance>
        <availableDamageTypes>
            <damageType>PHYSICAL</damageType>
        </availableDamageTypes>
        <spells/>
        <enchantmentLimit>100</enchantmentLimit>
        <effects>
            <effect timer="0" secondaryModifier="DAMAGE_MELEE_WEAPON" limit="0" potency="MAJOR_BOOST" itemEffectType="CLOTHING" primaryModifier="CLOTHING_ATTRIBUTE"/>
            <effect timer="0" secondaryModifier="CRITICAL_DAMAGE" limit="0" potency="MAJOR_BOOST" itemEffectType="CLOTHING" primaryModifier="CLOTHING_ATTRIBUTE"/>
        </effects>
        <primaryColours values="ALL"/>
        <primaryColoursDye values="NONE"/>
        <secondaryColours values="NONE"/>
        <secondaryColoursDye values="NONE"/>
        <itemTags>
            <tag>NOT_FOR_SALE</tag>
            <tag>WEAPON_BLADE</tag>
        </itemTags>
    </coreAttributes>
    <hitDescriptions>
        <hitText><![CDATA[Slashing with the keyblade, [npc.name] [npc.verb(manage)] to hit [npc2.name]!]]></hitText>
    </hitDescriptions>
    <missDescriptions>
        <missText><![CDATA[Slashing with the keyblade, [npc.name] [npc.verb(attempt)] to hit [npc2.name], but [npc.verb(ended)] up missing [npc2.herHim]!]]></missText>
    </missDescriptions>
</weapon>
