<?xml version="1.0" encoding="UTF-8" standalone="no"?>
<weapon>
    <coreAttributes>
        <authorTag><![CDATA[This keyblade has been brought to this world by a light-wing dragon.]]></authorTag>
        <value>10000</value>
        <melee>true</melee>
        <twoHanded>false</twoHanded>
        <determiner><![CDATA[the]]></determiner>
        <name><![CDATA[Starlight]]></name>
        <namePlural pluralByDefault="false"><![CDATA[Starlights]]></namePlural>
        <description><![CDATA[This keyblade used a long time ago well light and darkness fought with each other. Being a keyblade from the realm light you can feel the pureity of in the chain, Well it makes a lot of sense knowing the history beheind this weapon.]]></description>
        <attackDescriptor>Strike</attackDescriptor>
        <attackTooltipDescription> Swing your keyblade at [npc2.name].</attackTooltipDescription>
        <rarity>EPIC</rarity>
        <weaponSet>light_Keyblade</weaponSet>
        <equipText><![CDATA[[npc.Name] [npc.verb(call forth)] the Starlight.]]></equipText>
        <unequipText><![CDATA[[npc.Name] [npc.verb(call back)] the Starlight.]]></unequipText>
        <imageName>Starlight.svg</imageName>
        <imageEquippedName/>
        <damage>30</damage>
        <arcaneCost>0</arcaneCost>
        <damageVariance>MEDIUM</damageVariance>
        <availableDamageTypes>
            <damageType>PHYSICAL</damageType>
            <damageType>FIRE</damageType>
            <damageType>ICE</damageType>
            <damageType>POISON</damageType>
            <damageType>LUST</damageType>
        </availableDamageTypes>
        <spells/>
        <enchantmentLimit>100</enchantmentLimit>
        <effects>
            <effect timer="0" secondaryModifier="DAMAGE_MELEE_WEAPON" limit="0" potency="MAJOR_BOOST" itemEffectType="CLOTHING" primaryModifier="CLOTHING_ATTRIBUTE"/>
            <effect timer="0" secondaryModifier="CRITICAL_DAMAGE" limit="0" potency="MAJOR_BOOST" itemEffectType="CLOTHING" primaryModifier="CLOTHING_ATTRIBUTE"/>
        </effects>
        <primaryColours values="ALL"/>
        <primaryColoursDye values="NONE"/>
        <secondaryColours values="NONE"/>
        <secondaryColoursDye values="NONE"/>
        <itemTags>
            <tag>WEAPON_BLADE</tag>
            <tag>BAT_CAVERNS_SPAWN</tag>
            <tag>SOLD_BY_VICKY</tag>
        </itemTags>
    </coreAttributes>
    <hitDescriptions>
        <hitText><![CDATA[Slashing with the keyblade, [npc.name] [npc.verb(manage)] to hit [npc2.name]!]]></hitText>
    </hitDescriptions>
    <missDescriptions>
        <missText><![CDATA[Slashing with the keyblade, [npc.name] [npc.verb(attempt)] to hit [npc2.name], but [npc.verb(ended)] up missing [npc2.herHim]!]]></missText>
    </missDescriptions>
</weapon>
