<?xml version="1.0" encoding="UTF-8" standalone="no"?>
<weapon>
    <coreAttributes>
        <authorTag><![CDATA[This keyblade has been brought to this world by a light-wing dragon.]]></authorTag>
        <value>100000</value>
        <melee>true</melee>
        <twoHanded>false</twoHanded>
        <determiner><![CDATA[the]]></determiner>
        <name><![CDATA[Stormfall]]></name>
        <namePlural pluralByDefault="false"><![CDATA[Stormfalls]]></namePlural>
        <description><![CDATA[An upgraded verison of Rainfell and one of the keyblade used to protect the world of light. Being a keyblade from the realm light you can feel the pureity of in the chain, Well makes sense knowing there are a few people in realm of light that use this weapon.]]></description>
        <attackDescriptor>Strike</attackDescriptor>
        <attackTooltipDescription> Swing your keyblade at [npc2.name].</attackTooltipDescription>
        <rarity>QUEST</rarity>
        <weaponSet>light_Keyblade</weaponSet>
        <equipText><![CDATA[[npc.Name] [npc.verb(call forth)] the Stormfall.]]></equipText>
        <unequipText><![CDATA[[npc.Name] [npc.verb(call back)] the Stormfall.]]></unequipText>
        <imageName>Stormfall.svg</imageName>
        <imageEquippedName/>
        <damage>35</damage>
        <arcaneCost>0</arcaneCost>
        <damageVariance>MEDIUM</damageVariance>
        <availableDamageTypes>
            <damageType>ICE</damageType>
        </availableDamageTypes>
        <spells>
            <spell>RAIN_CLOUD</spell>
        </spells>
        <enchantmentLimit>100</enchantmentLimit>
        <effects>
            <effect primaryModifier="CLOTHING_ATTRIBUTE" potency="MAJOR_BOOST" itemEffectType="CLOTHING" secondaryModifier="DAMAGE_MELEE_WEAPON" timer="0" limit="0"/>
            <effect primaryModifier="CLOTHING_ATTRIBUTE" potency="MAJOR_BOOST" itemEffectType="CLOTHING" secondaryModifier="CRITICAL_DAMAGE" timer="0" limit="0"/>
            <effect primaryModifier="CLOTHING_MAJOR_ATTRIBUTE" potency="MAJOR_BOOST" itemEffectType="CLOTHING" secondaryModifier="INTELLIGENCE" timer="0" limit="0"/>
            <effect primaryModifier="CLOTHING_ATTRIBUTE" potency="MAJOR_BOOST" itemEffectType="CLOTHING" secondaryModifier="DAMAGE_SPELLS" timer="0" limit="0"/>
        </effects>
        <primaryColours values="ALL"/>
        <primaryColoursDye values="NONE"/>
        <secondaryColours values="NONE"/>
        <secondaryColoursDye values="NONE"/>
        <itemTags>
            <tag>NOT_FOR_SALE</tag>
            <tag>WEAPON_BLADE</tag>
        </itemTags>
    </coreAttributes>
    <hitDescriptions>
        <hitText><![CDATA[Slashing with the keyblade, [npc.name] [npc.verb(manage)] to hit [npc2.name]!]]></hitText>
    </hitDescriptions>
    <missDescriptions>
        <missText><![CDATA[Slashing with the keyblade, [npc.name] [npc.verb(attempt)] to hit [npc2.name], but [npc.verb(ended)] up missing [npc2.herHim]!]]></missText>
    </missDescriptions>
</weapon>
