<?xml version="1.0" encoding="UTF-8" standalone="no"?>
<weapon>
    <coreAttributes>
        <authorTag><![CDATA[This keyblade has been brought to this world by a light-wing dragon.]]></authorTag>
        <value>100000</value>
        <melee>true</melee>
        <twoHanded>false</twoHanded>
        <determiner><![CDATA[the]]></determiner>
        <name><![CDATA[Waywand Wind]]></name>
        <namePlural pluralByDefault="false"><![CDATA[Wayward Winds]]></namePlural>
        <description><![CDATA[One of the keyblade used to protect the world of light. Being a keyblade from the realm light you can feel the pureity of in the chain, Well makes sense knowing there are a few people in realm of light that use this weapon.]]></description>
        <attackDescriptor>Strike</attackDescriptor>
        <attackTooltipDescription> Swing your keyblade at [npc2.name].</attackTooltipDescription>
        <rarity>QUEST</rarity>
        <weaponSet>light_Keyblade</weaponSet>
        <equipText><![CDATA[[npc.Name] [npc.verb(call forth)] the Waywand Wind.]]></equipText>
        <unequipText><![CDATA[[npc.Name] [npc.verb(call back)] the Waywand Wind.]]></unequipText>
        <imageName>Waywand Wind.svg</imageName>
        <imageEquippedName/>
        <damage>15</damage>
        <arcaneCost>0</arcaneCost>
        <damageVariance>MEDIUM</damageVariance>
        <availableDamageTypes>
            <damageType>PHYSICAL</damageType>
        </availableDamageTypes>
        <spells>
            <spell>PROTECTIVE_GUSTS</spell>
            <spell>VACUUM</spell>
        </spells>
        <enchantmentLimit>100</enchantmentLimit>
        <effects>
            <effect potency="MAJOR_BOOST" timer="0" itemEffectType="CLOTHING" secondaryModifier="DAMAGE_MELEE_WEAPON" limit="0" primaryModifier="CLOTHING_ATTRIBUTE"/>
            <effect potency="MAJOR_BOOST" timer="0" itemEffectType="CLOTHING" secondaryModifier="CRITICAL_DAMAGE" limit="0" primaryModifier="CLOTHING_ATTRIBUTE"/>
        </effects>
        <primaryColours values="ALL"/>
        <primaryColoursDye values="NONE"/>
        <secondaryColours values="NONE"/>
        <secondaryColoursDye values="NONE"/>
        <itemTags>
            <tag>NOT_FOR_SALE</tag>
            <tag>WEAPON_BLADE</tag>
        </itemTags>
    </coreAttributes>
    <hitDescriptions>
        <hitText><![CDATA[Slashing with the keyblade, [npc.name] [npc.verb(manage)] to hit [npc2.name]!]]></hitText>
    </hitDescriptions>
    <missDescriptions>
        <missText><![CDATA[Slashing with the keyblade, [npc.name] [npc.verb(attempt)] to hit [npc2.name], but [npc.verb(ended)] up missing [npc2.herHim]!]]></missText>
    </missDescriptions>
</weapon>
