<?xml version="1.0" encoding="UTF-8" standalone="no"?>
<weapon>
    <coreAttributes>
        <authorTag><![CDATA[This keyblade has been brought to this world by a light-wing dragon.]]></authorTag>
        <value>100000</value>
        <melee>true</melee>
        <twoHanded>false</twoHanded>
        <determiner><![CDATA[the]]></determiner>
        <name><![CDATA[Void Gear]]></name>
        <namePlural pluralByDefault="false"><![CDATA[Void Gear]]></namePlural>
        <description><![CDATA[A renment verison of the Void Gear, you can feel the power of darkness in the chain, but you don't care as it's a dead keyblade, I think?]]></description>
        <attackDescriptor>Strike</attackDescriptor>
        <attackTooltipDescription> Swing your keyblade at [npc2.name].</attackTooltipDescription>
        <rarity>EPIC</rarity>
        <weaponSet>light_Keyblade</weaponSet>
        <equipText><![CDATA[[npc.Name] [npc.verb(call forth)] the Void Gear.]]></equipText>
        <unequipText><![CDATA[[npc.Name] [npc.verb(call back)] the Void Gear.]]></unequipText>
        <imageName>Void Gear (R).svg</imageName>
        <imageEquippedName/>
        <damage>25</damage>
        <arcaneCost>0</arcaneCost>
        <damageVariance>MEDIUM</damageVariance>
        <availableDamageTypes>
            <damageType>PHYSICAL</damageType>
        </availableDamageTypes>
        <spells/>
        <enchantmentLimit>100</enchantmentLimit>
        <effects>
            <effect timer="0" secondaryModifier="DAMAGE_MELEE_WEAPON" limit="0" potency="MAJOR_BOOST" itemEffectType="CLOTHING" primaryModifier="CLOTHING_ATTRIBUTE"/>
            <effect timer="0" secondaryModifier="STRENGTH" limit="0" potency="MAJOR_BOOST" itemEffectType="CLOTHING" primaryModifier="CLOTHING_MAJOR_ATTRIBUTE"/>
            <effect timer="0" secondaryModifier="DAMAGE_PHYSICAL" limit="0" potency="MAJOR_BOOST" itemEffectType="CLOTHING" primaryModifier="CLOTHING_ATTRIBUTE"/>
        </effects>
        <primaryColours values="ALL"/>
        <primaryColoursDye values="NONE"/>
        <secondaryColours values="NONE"/>
        <secondaryColoursDye values="NONE"/>
        <itemTags>
            <tag>WEAPON_BLADE</tag>
            <tag>SUBMISSION_TUNNEL_SPAWN</tag>
        </itemTags>
    </coreAttributes>
    <hitDescriptions>
        <hitText><![CDATA[Slashing with the keyblade, [npc.name] [npc.verb(manage)] to hit [npc2.name]!]]></hitText>
    </hitDescriptions>
    <missDescriptions>
        <missText><![CDATA[Slashing with the keyblade, [npc.name] [npc.verb(attempt)] to hit [npc2.name], but [npc.verb(ended)] up missing [npc2.herHim]!]]></missText>
    </missDescriptions>
</weapon>
