<?xml version="1.0" encoding="UTF-8" standalone="no"?>
<weapon>
    <coreAttributes>
        <authorTag><![CDATA[This keyblade has been brought to this world by a light-wing dragon.]]></authorTag>
        <value>100000</value>
        <melee>true</melee>
        <twoHanded>false</twoHanded>
        <determiner><![CDATA[the]]></determiner>
        <name><![CDATA[Void Gear]]></name>
        <namePlural pluralByDefault="false"><![CDATA[Void Gear]]></namePlural>
        <description><![CDATA[A dark keyblade, you can feel the power of darkness in the chain, but you don't care as you're going attack with people like a mad man. I'm I right?]]></description>
        <attackDescriptor>Strike</attackDescriptor>
        <attackTooltipDescription> Swing your keyblade at [npc2.name].</attackTooltipDescription>
        <rarity>QUEST</rarity>
        <weaponSet>light_Keyblade</weaponSet>
        <equipText><![CDATA[[npc.Name] [npc.verb(call forth)] the Void Gear.]]></equipText>
        <unequipText><![CDATA[[npc.Name] [npc.verb(call back)] the Void Gear.]]></unequipText>
        <imageName>Void Gear.svg</imageName>
        <imageEquippedName/>
        <damage>25</damage>
        <arcaneCost>0</arcaneCost>
        <damageVariance>MEDIUM</damageVariance>
        <availableDamageTypes>
            <damageType>PHYSICAL</damageType>
        </availableDamageTypes>
        <spells/>
        <enchantmentLimit>100</enchantmentLimit>
        <effects>
            <effect itemEffectType="CLOTHING" potency="MAJOR_BOOST" limit="0" primaryModifier="CLOTHING_ATTRIBUTE" secondaryModifier="DAMAGE_MELEE_WEAPON" timer="0"/>
            <effect itemEffectType="CLOTHING" potency="MAJOR_BOOST" limit="0" primaryModifier="CLOTHING_MAJOR_ATTRIBUTE" secondaryModifier="STRENGTH" timer="0"/>
            <effect itemEffectType="CLOTHING" potency="MAJOR_BOOST" limit="0" primaryModifier="CLOTHING_ATTRIBUTE" secondaryModifier="DAMAGE_PHYSICAL" timer="0"/>
        </effects>
        <primaryColours values="ALL"/>
        <primaryColoursDye values="NONE"/>
        <secondaryColours values="NONE"/>
        <secondaryColoursDye values="NONE"/>
        <itemTags>
            <tag>NOT_FOR_SALE</tag>
            <tag>WEAPON_BLADE</tag>
        </itemTags>
    </coreAttributes>
    <hitDescriptions>
        <hitText><![CDATA[Slashing with the keyblade, [npc.name] [npc.verb(manage)] to hit [npc2.name]!]]></hitText>
    </hitDescriptions>
    <missDescriptions>
        <missText><![CDATA[Slashing with the keyblade, [npc.name] [npc.verb(attempt)] to hit [npc2.name], but [npc.verb(ended)] up missing [npc2.herHim]!]]></missText>
    </missDescriptions>
</weapon>
