<?xml version="1.0" encoding="UTF-8" standalone="no"?>
<weapon>
    <coreAttributes>
        <authorTag><![CDATA[This keyblade has been brought to this world by a light-wing dragon.]]></authorTag>
        <value>50000</value>
        <melee>true</melee>
        <twoHanded>false</twoHanded>
        <determiner><![CDATA[the]]></determiner>
        <name><![CDATA[Masters Defender]]></name>
        <namePlural pluralByDefault="false"><![CDATA[Masters Defenders]]></namePlural>
        <description><![CDATA[This keyblade used a long time ago well light and darkness fought with each other. Being a keyblade from the realm light you can feel the pureity of in the chain, Well it makes a lot of sense knowing the history beheind this legendary weapon.]]></description>
        <attackDescriptor>Strike</attackDescriptor>
        <attackTooltipDescription> Swing your keyblade at [npc2.name].</attackTooltipDescription>
        <rarity>QUEST</rarity>
        <weaponSet>light_Keyblade</weaponSet>
        <equipText><![CDATA[[npc.Name] [npc.verb(call forth)] the Masters Defender.]]></equipText>
        <unequipText><![CDATA[[npc.Name] [npc.verb(call back)] the Masters Defender.]]></unequipText>
        <imageName>Masters Defender.svg</imageName>
        <imageEquippedName/>
        <damage>34</damage>
        <arcaneCost>0</arcaneCost>
        <damageVariance>MEDIUM</damageVariance>
        <availableDamageTypes>
            <damageType>PHYSICAL</damageType>
        </availableDamageTypes>
        <spells>
            <spell>CLEANSE</spell>
        </spells>
        <enchantmentLimit>100</enchantmentLimit>
        <effects>
            <effect potency="MAJOR_BOOST" itemEffectType="CLOTHING" limit="0" secondaryModifier="DAMAGE_MELEE_WEAPON" timer="0" primaryModifier="CLOTHING_ATTRIBUTE"/>
            <effect potency="MAJOR_DRAIN" itemEffectType="CLOTHING" limit="0" secondaryModifier="CORRUPTION" timer="0" primaryModifier="CLOTHING_MAJOR_ATTRIBUTE"/>
            <effect potency="MAJOR_BOOST" itemEffectType="CLOTHING" limit="0" secondaryModifier="CRITICAL_DAMAGE" timer="0" primaryModifier="CLOTHING_ATTRIBUTE"/>
            <effect potency="MAJOR_BOOST" itemEffectType="CLOTHING" limit="0" secondaryModifier="DAMAGE_SPELLS" timer="0" primaryModifier="CLOTHING_ATTRIBUTE"/>
        </effects>
        <primaryColours values="ALL"/>
        <primaryColoursDye values="NONE"/>
        <secondaryColours values="NONE"/>
        <secondaryColoursDye values="NONE"/>
        <itemTags>
            <tag>WEAPON_BLADE</tag>
            <tag>SUBMISSION_TUNNEL_SPAWN</tag>
            <tag>BAT_CAVERNS_SPAWN</tag>
        </itemTags>
    </coreAttributes>
    <hitDescriptions>
        <hitText><![CDATA[Slashing with the keyblade, [npc.name] [npc.verb(manage)] to hit [npc2.name]!]]></hitText>
    </hitDescriptions>
    <missDescriptions>
        <missText><![CDATA[Slashing with the keyblade, [npc.name] [npc.verb(attempt)] to hit [npc2.name], but [npc.verb(ended)] up missing [npc2.herHim]!]]></missText>
    </missDescriptions>
</weapon>
