<?xml version="1.0" encoding="UTF-8" standalone="no"?>
<weapon>
    <coreAttributes>
        <authorTag><![CDATA[This keyblade has been brought to this world by a light-wing dragon.]]></authorTag>
        <value>100000</value>
        <melee>true</melee>
        <twoHanded>false</twoHanded>
        <determiner><![CDATA[the]]></determiner>
        <name><![CDATA[Oblivion]]></name>
        <namePlural pluralByDefault="false"><![CDATA[Oblivions]]></namePlural>
        <description><![CDATA[One of the keyblades in a dual set. Dispite being a keyblade from the realm light you can feel the power of darkness in the chain, but this keyblade is not going to make you go mad, right?]]></description>
        <attackDescriptor>Strike</attackDescriptor>
        <attackTooltipDescription> Swing your keyblade at [npc2.name].</attackTooltipDescription>
        <rarity>QUEST</rarity>
        <weaponSet>Keyblades</weaponSet>
        <equipText><![CDATA[[npc.Name] [npc.verb(call forth)] the Oblivion.]]></equipText>
        <unequipText><![CDATA[[npc.Name] [npc.verb(call back)] the Oblivion.]]></unequipText>
        <imageName>Oblivion.svg</imageName>
        <imageEquippedName/>
        <damage>30</damage>
        <arcaneCost>0</arcaneCost>
        <damageVariance>MEDIUM</damageVariance>
        <availableDamageTypes>
            <damageType>PHYSICAL</damageType>
        </availableDamageTypes>
        <spells/>
        <enchantmentLimit>100</enchantmentLimit>
        <effects>
            <effect potency="MAJOR_BOOST" timer="0" limit="0" primaryModifier="CLOTHING_ATTRIBUTE" secondaryModifier="DAMAGE_MELEE_WEAPON" itemEffectType="CLOTHING"/>
            <effect potency="MAJOR_BOOST" timer="0" limit="0" primaryModifier="CLOTHING_MAJOR_ATTRIBUTE" secondaryModifier="STRENGTH" itemEffectType="CLOTHING"/>
        </effects>
        <primaryColours values="ALL"/>
        <primaryColoursDye values="NONE"/>
        <secondaryColours values="NONE"/>
        <secondaryColoursDye values="NONE"/>
        <itemTags>
            <tag>NOT_FOR_SALE</tag>
            <tag>WEAPON_BLADE</tag>
        </itemTags>
    </coreAttributes>
    <hitDescriptions>
        <hitText><![CDATA[Slashing with the keyblade, [npc.name] [npc.verb(manage)] to hit [npc2.name]!]]></hitText>
    </hitDescriptions>
    <missDescriptions>
        <missText><![CDATA[Slashing with the keyblade, [npc.name] [npc.verb(attempt)] to hit [npc2.name], but [npc.verb(ended)] up missing [npc2.herHim]!]]></missText>
    </missDescriptions>
</weapon>
